frame,id,raw_x,raw_y,comp_x,comp_y,dx,dy,dist
1,1,1156,650,1146,650,10,0,10.00
1,2,1049,649,1039,649,10,0,10.00
1,3,877,821,866,822,11,-1,11.05
1,4,1264,743,1255,744,9,-1,9.06
1,5,651,516,638,515,13,1,13.04
1,6,839,346,827,344,12,2,12.17
1,7,335,711,320,712,15,-1,15.03
1,8,1428,385,1420,383,8,2,8.25
1,9,1562,538,1555,537,7,1,7.07
1,10,570,672,556,672,14,0,14.00
1,11,511,509,497,509,14,0,14.00
1,12,1460,615,1452,615,8,0,8.00
1,13,1495,631,1487,631,8,0,8.00
1,14,1474,421,1466,419,8,2,8.25
1,15,1499,455,1491,454,8,1,8.06
1,16,1177,418,1167,417,10,1,10.05
1,17,1527,493,1520,492,7,1,7.07
1,18,1042,472,1031,471,11,1,11.05
1,20,1061,427,1050,426,11,1,11.05
1,21,1155,506,1145,505,10,1,10.05
2,1,1161,647,1141,648,20,-1,20.02
2,2,1056,648,1035,649,21,-1,21.02
2,3,883,819,860,822,23,-3,23.19
2,4,1274,741,1256,743,18,-2,18.11
2,5,658,517,631,517,27,0,27.00
2,6,848,346,823,343,25,3,25.18
2,7,345,707,315,710,30,-3,30.15
2,8,1433,385,1416,382,17,3,17.26
2,9,1566,538,1551,537,15,1,15.03
2,10,572,671,544,673,28,-2,28.07
2,11,522,508,493,508,29,0,29.00
2,12,1466,614,1450,614,16,0,16.00
2,13,1498,630,1482,630,16,0,16.00
2,14,1479,422,1463,419,16,3,16.28
2,15,1503,455,1487,453,16,2,16.12
2,16,1181,418,1161,416,20,2,20.10
2,17,1533,493,1517,491,16,2,16.12
2,18,1048,473,1026,472,22,1,22.02
2,20,1065,427,1043,425,22,2,22.09
2,21,1160,504,1140,503,20,1,20.02
2,23,1338,290,1319,286,19,4,19.42
3,1,1166,646,1137,647,29,-1,29.02
3,2,1060,647,1029,649,31,-2,31.06
3,3,890,818,856,823,34,-5,34.37
3,4,1282,739,1256,742,26,-3,26.17
3,5,666,515,627,515,39,0,39.00
3,6,856,346,820,342,36,4,36.22
3,7,356,704,312,708,44,-4,44.18
3,8,1438,385,1414,381,24,4,24.33
3,9,1568,537,1547,535,21,2,21.10
3,10,577,668,537,671,40,-3,40.11
3,11,533,507,491,507,42,0,42.00
3,12,1470,614,1447,614,23,0,23.00
3,13,1501,629,1479,629,22,0,22.00
3,14,1482,423,1459,419,23,4,23.35
3,15,1506,453,1483,450,23,3,23.19
3,16,1185,417,1156,414,29,3,29.15
3,17,1537,495,1515,493,22,2,22.09
3,18,1053,473,1021,471,32,2,32.06
3,20,1070,427,1039,424,31,3,31.14
3,21,1164,502,1135,501,29,1,29.02
3,23,1344,291,1317,285,27,6,27.66
4,1,1171,646,1132,648,39,-2,39.05
4,2,1066,646,1025,648,41,-2,41.05
4,3,900,817,855,824,45,-7,45.54
4,4,1292,737,1257,741,35,-4,35.23
4,5,674,516,622,516,52,0,52.00
4,6,866,346,818,341,48,5,48.26
4,7,367,699,308,704,59,-5,59.21
4,8,1443,388,1410,383,33,5,33.38
4,9,1570,536,1541,534,29,2,29.07
4,10,585,666,531,670,54,-4,54.15
4,11,543,506,487,506,56,0,56.00
4,12,1477,612,1446,612,31,0,31.00
4,13,1507,627,1477,628,30,-1,30.02
4,14,1485,424,1453,419,32,5,32.39
4,15,1510,452,1479,448,31,4,31.26
4,16,1191,419,1152,415,39,4,39.20
4,17,1542,495,1512,492,30,3,30.15
4,18,1058,474,1016,472,42,2,42.05
4,20,1078,427,1036,424,42,3,42.11
4,21,1168,500,1129,498,39,2,39.05
4,23,1353,293,1317,285,36,8,36.88
5,1,1175,645,1127,648,48,-3,48.09
5,2,1071,644,1019,647,52,-3,52.09
5,3,910,815,854,824,56,-9,56.72
5,4,1301,734,1258,739,43,-5,43.29
5,5,682,517,617,517,65,0,65.00
5,6,876,347,816,341,60,6,60.30
5,7,379,694,305,701,74,-7,74.33
5,8,1448,389,1407,382,41,7,41.59
5,9,1574,538,1538,536,36,2,36.06
5,10,593,662,526,667,67,-5,67.19
5,11,554,505,484,505,70,0,70.00
5,12,1482,612,1444,612,38,0,38.00
5,13,1510,626,1473,627,37,-1,37.01
5,14,1491,426,1452,420,39,6,39.46
5,15,1514,454,1476,449,38,5,38.33
5,16,1197,421,1148,416,49,5,49.25
5,17,1546,495,1509,492,37,3,37.12
5,18,1064,474,1011,471,53,3,53.08
5,20,1084,427,1031,423,53,4,53.15
5,21,1171,500,1122,498,49,2,49.04
5,23,1362,296,1318,287,44,9,44.91
6,1,1179,645,1121,648,58,-3,58.08
6,2,1078,643,1016,646,62,-3,62.07
6,3,918,814,851,825,67,-11,67.90
6,4,1310,732,1258,738,52,-6,52.35
6,5,688,516,610,516,78,0,78.00
6,6,886,348,815,341,71,7,71.34
6,7,391,687,303,695,88,-8,88.36
6,8,1453,391,1404,383,49,8,49.65
6,9,1577,538,1534,535,43,3,43.10
6,10,597,660,517,666,80,-6,80.22
6,11,564,505,481,505,83,0,83.00
6,12,1489,611,1443,612,46,-1,46.01
6,13,1514,624,1469,625,45,-1,45.01
6,14,1497,429,1450,422,47,7,47.52
6,15,1515,455,1469,449,46,6,46.39
6,16,1199,420,1140,414,59,6,59.30
6,17,1549,496,1505,492,44,4,44.18
6,18,1070,474,1007,471,63,3,63.07
6,20,1087,426,1024,421,63,5,63.20
6,21,1174,501,1115,498,59,3,59.08
6,23,1369,296,1316,285,53,11,54.13
7,1,1182,644,1115,648,67,-4,67.12
7,2,1085,641,1014,645,71,-4,71.11
7,3,926,812,849,824,77,-12,77.93
7,4,1320,730,1260,737,60,-7,60.41
7,5,697,514,607,514,90,0,90.00
7,6,896,349,813,341,83,8,83.38
7,7,402,682,300,691,102,-9,102.40
7,8,1456,391,1399,382,57,9,57.71
7,9,1579,538,1529,535,50,3,50.09
7,10,599,657,506,664,93,-7,93.26
7,11,572,504,476,504,96,0,96.00
7,12,1495,610,1442,611,53,-1,53.01
7,13,1518,622,1466,623,52,-1,52.01
7,14,1502,430,1448,423,54,7,54.45
7,15,1519,454,1466,448,53,6,53.34
7,16,1207,421,1139,414,68,7,68.36
7,17,1554,495,1503,490,51,5,51.24
7,18,1076,473,1003,469,73,4,73.11
7,20,1093,427,1020,421,73,6,73.25
7,21,1177,501,1108,498,69,3,69.07
8,1,1187,642,1110,646,77,-4,77.10
8,2,1092,638,1010,643,82,-5,82.15
8,3,933,810,845,824,88,-14,89.11
8,4,1329,729,1261,737,68,-8,68.47
8,5,706,512,603,512,103,0,103.00
8,6,905,350,810,341,95,9,95.43
8,7,413,678,296,688,117,-10,117.43
8,8,1459,391,1394,381,65,10,65.76
8,10,601,658,494,666,107,-8,107.30
8,11,580,503,470,503,110,0,110.00
8,12,1501,608,1440,609,61,-1,61.01
8,13,1522,620,1462,621,60,-1,60.01
8,14,1504,431,1441,423,63,8,63.51
8,15,1521,455,1460,448,61,7,61.40
8,16,1213,421,1135,414,78,7,78.31
8,17,1559,496,1500,491,59,5,59.21
8,18,1082,472,998,468,84,4,84.10
8,20,1097,427,1013,421,84,6,84.21
8,21,1181,502,1102,499,79,3,79.06
9,1,1192,640,1107,645,85,-5,85.15
9,2,1098,636,1007,641,91,-5,91.14
9,3,940,807,842,823,98,-16,99.30
9,4,1338,727,1262,736,76,-9,76.53
9,5,714,510,599,510,115,0,115.00
9,6,915,351,810,341,105,10,105.48
9,7,424,677,294,688,130,-11,130.46
9,8,1464,392,1392,381,72,11,72.84
9,10,613,656,494,665,119,-9,119.34
9,11,590,502,468,502,122,0,122.00
9,12,1506,606,1439,607,67,-1,67.01
9,13,1525,618,1459,620,66,-2,66.03
9,14,1507,431,1438,422,69,9,69.58
9,15,1523,456,1455,448,68,8,68.47
9,16,1218,420,1131,412,87,8,87.37
9,17,1562,496,1497,491,65,5,65.19
9,18,1087,472,993,468,94,4,94.09
9,20,1102,430,1009,423,93,7,93.26
9,21,1185,501,1098,498,87,3,87.05
10,1,1197,637,1103,643,94,-6,94.19
10,2,1103,635,1003,641,100,-6,100.18
10,3,946,805,838,823,108,-18,109.49
10,4,1346,726,1263,737,83,-11,83.73
10,5,721,510,594,510,127,0,127.00
10,6,923,351,807,339,116,12,116.62
10,7,434,675,291,688,143,-13,143.59
10,8,1468,392,1389,380,79,12,79.91
10,10,618,654,486,664,132,-10,132.38
10,11,600,499,465,499,135,0,135.00
10,12,1510,606,1436,608,74,-2,74.03
10,13,1529,618,1457,620,72,-2,72.03
10,14,1514,433,1438,423,76,10,76.66
10,15,1525,457,1450,449,75,8,75.43
10,16,1221,420,1126,411,95,9,95.43
10,17,1565,496,1494,490,71,6,71.25
10,18,1093,473,990,468,103,5,103.12
10,20,1107,429,1005,422,102,7,102.24
10,21,1190,501,1094,498,96,3,96.05
10,9,1587,537,1518,534,69,3,69.07
11,1,1202,635,1100,641,102,-6,102.18
11,2,1109,633,1000,640,109,-7,109.22
11,3,953,804,835,824,118,-20,119.68
11,4,1355,724,1265,736,90,-12,90.80
11,5,728,509,589,509,139,0,139.00
11,6,931,352,805,339,126,13,126.67
11,7,444,672,287,686,157,-14,157.62
11,8,1471,391,1385,378,86,13,86.98
11,10,621,651,477,662,144,-11,144.42
11,11,610,500,463,500,147,0,147.00
11,12,1514,608,1434,610,80,-2,80.02
11,13,1531,618,1453,621,78,-3,78.06
11,14,1519,433,1437,422,82,11,82.73
11,15,1526,458,1445,449,81,9,81.50
11,16,1222,421,1118,411,104,10,104.48
11,17,1568,496,1490,490,78,6,78.23
11,18,1097,473,985,468,112,5,112.11
11,20,1111,430,999,422,112,8,112.29
11,21,1195,499,1090,495,105,4,105.08
11,9,1591,536,1516,532,75,4,75.11
12,1,1207,634,1097,640,110,-6,110.16
12,2,1113,632,995,639,118,-7,118.21
12,3,960,801,833,822,127,-21,128.72
12,4,1362,722,1265,734,97,-12,97.74
12,5,735,510,585,510,150,0,150.00
12,6,937,353,800,339,137,14,137.71
12,7,453,669,283,683,170,-14,170.58
12,8,1474,392,1381,378,93,14,94.05
12,10,626,648,470,659,156,-11,156.39
12,11,619,499,460,499,159,0,159.00
12,12,1519,607,1433,609,86,-2,86.02
12,14,1522,434,1433,423,89,11,89.68
12,15,1527,457,1439,447,88,10,88.57
12,16,1227,422,1115,412,112,10,112.45
12,17,1571,496,1487,489,84,7,84.29
12,18,1102,474,981,469,121,5,121.10
12,20,1116,431,995,422,121,9,121.33
12,21,1198,498,1085,494,113,4,113.07
12,9,1592,535,1510,531,82,4,82.10
12,23,1405,307,1305,287,100,20,101.98
13,1,1212,633,1093,640,119,-7,119.21
13,2,1117,631,990,638,127,-7,127.19
13,3,966,799,829,822,137,-23,138.92
13,4,1371,722,1268,735,103,-13,103.82
13,5,741,511,580,511,161,0,161.00
13,6,944,354,797,339,147,15,147.76
13,7,459,666,276,681,183,-15,183.61
13,8,1477,392,1377,377,100,15,101.12
13,10,631,645,463,657,168,-12,168.43
13,11,627,499,456,499,171,0,171.00
13,12,1524,605,1432,607,92,-2,92.02
13,14,1525,439,1430,427,95,12,95.75
13,15,1529,456,1435,446,94,10,94.53
13,16,1231,422,1110,411,121,11,121.50
13,17,1574,497,1484,490,90,7,90.27
13,18,1106,476,975,470,131,6,131.14
13,20,1121,430,991,420,130,10,130.38
13,21,1201,497,1079,492,122,5,122.10
13,9,1592,535,1504,531,88,4,88.09
13,23,1411,309,1304,287,107,22,109.24
14,1,1216,633,1089,640,127,-7,127.19
14,2,1122,630,986,638,136,-8,136.24
14,3,972,797,826,821,146,-24,147.96
14,4,1379,721,1269,735,110,-14,110.89
14,5,747,510,574,510,173,0,173.00
14,6,951,355,794,339,157,16,157.81
14,7,468,663,272,679,196,-16,196.65
14,8,1481,394,1374,378,107,16,108.19
14,10,636,642,455,655,181,-13,181.47
14,11,636,500,452,500,184,0,184.00
14,12,1528,603,1430,605,98,-2,98.02
14,15,1531,455,1430,444,101,11,101.60
14,16,1235,423,1106,411,129,12,129.56
14,17,1576,498,1480,490,96,8,96.33
14,18,1110,475,970,469,140,6,140.13
14,20,1125,429,986,418,139,11,139.43
14,21,1204,497,1073,492,131,5,131.10
14,9,1594,534,1501,530,93,4,93.09
14,23,1417,312,1303,289,114,23,116.30
14,13,1540,613,1443,616,97,-3,97.05
15,1,1218,632,1084,640,134,-8,134.24
15,2,1127,628,983,636,144,-8,144.22
15,3,978,796,823,822,155,-26,157.17
15,4,1386,719,1270,734,116,-15,116.97
15,5,754,509,570,509,184,0,184.00
15,6,956,355,789,338,167,17,167.86
15,7,477,659,269,676,208,-17,208.69
15,8,1484,395,1371,378,113,17,114.27
15,10,639,639,446,653,193,-14,193.51
15,11,644,500,449,500,195,0,195.00
15,12,1532,604,1428,607,104,-3,104.04
15,15,1532,451,1425,439,107,12,107.67
15,16,1238,424,1101,412,137,12,137.52
15,17,1579,499,1478,491,101,8,101.32
15,18,1114,473,966,466,148,7,148.17
15,20,1130,431,982,420,148,11,148.41
15,21,1207,498,1069,493,138,5,138.09
15,9,1597,534,1499,529,98,5,98.13
15,23,1422,313,1301,288,121,25,123.56
15,13,1543,611,1441,614,102,-3,102.04
16,1,1220,631,1078,640,142,-9,142.28
16,2,1132,626,980,635,152,-9,152.27
16,3,984,795,820,823,164,-28,166.37
16,4,1393,718,1271,734,122,-16,123.04
16,5,760,507,566,507,194,0,194.00
16,6,963,355,787,337,176,18,176.92
16,7,485,657,265,675,220,-18,220.74
16,8,1486,395,1367,376,119,19,120.51
16,10,643,637,439,651,204,-14,204.48
16,11,650,500,444,500,206,0,206.00
16,12,1538,606,1430,609,108,-3,108.04
16,15,1530,450,1417,437,113,13,113.75
16,16,1241,423,1097,410,144,13,144.59
16,17,1579,500,1473,492,106,8,106.30
16,18,1118,473,962,466,156,7,156.16
16,20,1133,431,977,419,156,12,156.46
16,21,1210,499,1064,494,146,5,146.09
16,9,1597,534,1493,529,104,5,104.12
16,23,1428,313,1301,286,127,27,129.84
16,13,1547,612,1440,616,107,-4,107.07
16,37,132,498,-129,502,261,-4,261.03
17,1,1222,629,1073,638,149,-9,149.27
17,2,1136,624,977,633,159,-9,159.25
17,3,990,794,819,823,171,-29,173.44
17,4,1400,716,1273,732,127,-16,128.00
17,5,766,506,563,505,203,1,203.00
17,6,968,355,784,336,184,19,184.98
17,7,492,656,262,674,230,-18,230.70
17,8,1488,396,1363,377,125,19,126.44
17,10,645,637,432,652,213,-15,213.53
17,11,655,499,440,499,215,0,215.00
17,15,1530,453,1411,440,119,13,119.71
17,16,1245,422,1094,408,151,14,151.65
17,17,1582,499,1470,490,112,9,112.36
17,18,1121,473,957,466,164,7,164.15
17,20,1136,431,973,419,163,12,163.44
17,21,1212,499,1059,494,153,5,153.08
17,9,1597,535,1487,530,110,5,110.11
17,23,1433,314,1300,286,133,28,135.92
17,13,1549,608,1436,611,113,-3,113.04
17,37,140,498,-132,502,272,-4,272.03
17,14,1537,455,1419,442,118,13,118.71
18,1,1227,628,1071,637,156,-9,156.26
18,2,1140,623,974,632,166,-9,166.24
18,3,995,793,817,822,178,-29,180.35
18,4,1409,716,1275,732,134,-16,134.95
18,5,769,505,558,505,211,0,211.00
18,6,974,354,782,335,192,19,192.94
18,7,498,654,261,672,237,-18,237.68
18,8,1491,397,1358,378,133,19,134.35
18,10,647,637,426,652,221,-15,221.51
18,11,660,499,437,499,223,0,223.00
18,15,1531,456,1404,443,127,13,127.66
18,16,1248,421,1089,407,159,14,159.62
18,17,1586,497,1466,488,120,9,120.34
18,18,1124,472,952,465,172,7,172.14
18,20,1139,434,968,422,171,12,171.42
18,21,1215,498,1054,493,161,5,161.08
18,9,1601,535,1484,530,117,5,117.11
18,13,1552,605,1431,608,121,-3,121.04
18,37,148,497,-131,502,279,-5,279.04
18,14,1542,449,1416,435,126,14,126.78
19,1,1232,627,1069,636,163,-9,163.25
19,2,1145,622,972,631,173,-9,173.23
19,3,999,792,814,821,185,-29,187.26
19,4,1417,715,1277,731,140,-16,140.91
19,5,774,503,556,503,218,0,218.00
19,6,979,354,780,335,199,19,199.90
19,7,501,653,256,672,245,-19,245.74
19,8,1496,394,1356,374,140,20,141.42
19,10,648,636,419,651,229,-15,229.49
19,11,665,498,435,498,230,0,230.00
19,17,1591,498,1465,489,126,9,126.32
19,18,1128,471,949,464,179,7,179.14
19,20,1141,433,962,421,179,12,179.40
19,21,1218,496,1050,490,168,6,168.11
19,9,1604,534,1480,529,124,5,124.10
19,13,1556,604,1429,607,127,-3,127.04
19,37,155,497,-132,502,287,-5,287.04
19,14,1547,445,1414,431,133,14,133.73
19,23,1447,313,1300,285,147,28,149.64
20,1,1236,626,1066,635,170,-9,170.24
20,2,1149,622,969,631,180,-9,180.22
20,3,1005,791,813,820,192,-29,194.18
20,4,1424,714,1277,730,147,-16,147.87
20,5,778,502,553,502,225,0,225.00
20,6,984,353,778,334,206,19,206.87
20,7,504,651,252,670,252,-19,252.72
20,8,1501,394,1355,374,146,20,147.36
20,10,650,636,414,652,236,-16,236.54
20,11,670,496,433,496,237,0,237.00
20,17,1596,498,1463,489,133,9,133.30
20,18,1133,472,947,465,186,7,186.13
20,20,1141,431,955,419,186,12,186.39
20,21,1222,494,1047,488,175,6,175.10
20,9,1609,533,1479,528,130,5,130.10
20,13,1562,603,1428,606,134,-3,134.03
20,37,161,498,-133,504,294,-6,294.06
20,14,1553,445,1414,430,139,15,139.81
20,15,1540,458,1400,445,140,13,140.60
20,16,1253,420,1079,406,174,14,174.56
21,1,1239,624,1062,633,177,-9,177.23
21,2,1152,621,965,630,187,-9,187.22
21,3,1009,791,811,820,198,-29,200.11
21,4,1431,714,1279,730,152,-16,152.84
21,5,782,501,550,501,232,0,232.00
21,6,987,354,774,335,213,19,213.85
21,7,506,650,247,669,259,-19,259.70
21,8,1504,393,1351,373,153,20,154.30
21,10,652,634,409,650,243,-16,243.53
21,11,674,495,430,495,244,0,244.00
21,17,1600,498,1461,489,139,9,139.29
21,18,1134,474,941,467,193,7,193.13
21,20,1144,431,951,419,193,12,193.37
21,21,1224,493,1042,487,182,6,182.10
21,9,1613,531,1476,525,137,6,137.13
21,13,1566,603,1426,606,140,-3,140.03
21,37,166,496,-135,502,301,-6,301.06
21,14,1559,442,1414,427,145,15,145.77
21,15,1543,456,1396,443,147,13,147.57
21,16,1255,420,1075,406,180,14,180.54
22,1,1242,623,1059,632,183,-9,183.22
22,2,1154,620,961,629,193,-9,193.21
22,3,1012,791,808,821,204,-30,206.19
22,4,1438,715,1280,732,158,-17,158.91
22,5,785,501,547,501,238,0,238.00
22,6,990,355,771,337,219,18,219.74
22,7,508,648,243,667,265,-19,265.68
22,8,1509,393,1350,373,159,20,160.25
22,10,655,632,406,648,249,-16,249.51
22,11,678,495,428,496,250,-1,250.00
22,17,1605,502,1460,493,145,9,145.28
22,18,1137,476,938,469,199,7,199.12
22,20,1147,430,948,418,199,12,199.36
22,21,1225,493,1037,487,188,6,188.10
22,9,1616,530,1473,524,143,6,143.13
22,13,1570,603,1424,606,146,-3,146.03
22,37,170,496,-137,502,307,-6,307.06
22,14,1563,440,1412,425,151,15,151.74
22,15,1547,456,1394,443,153,13,153.55
22,16,1257,420,1070,406,187,14,187.52
23,1,1244,622,1055,631,189,-9,189.21
23,2,1156,619,957,628,199,-9,199.20
23,3,1016,790,806,820,210,-30,212.13
23,4,1444,714,1281,731,163,-17,163.88
23,5,788,500,544,500,244,0,244.00
23,6,994,354,769,336,225,18,225.72
23,7,511,647,240,667,271,-20,271.74
23,8,1513,393,1348,373,165,20,166.21
23,10,657,630,402,646,255,-16,255.50
23,11,682,494,426,495,256,-1,256.00
23,17,1609,507,1459,499,150,8,150.21
23,18,1139,474,934,467,205,7,205.12
23,20,1150,429,945,417,205,12,205.35
23,21,1227,493,1033,487,194,6,194.09
23,9,1618,530,1469,524,149,6,149.12
23,13,1574,602,1422,605,152,-3,152.03
23,37,171,495,-143,502,314,-7,314.08
23,14,1566,441,1409,426,157,15,157.71
23,15,1549,456,1390,443,159,13,159.53
23,16,1260,421,1067,407,193,14,193.51
24,1,1245,623,1051,632,194,-9,194.21
24,2,1159,619,955,628,204,-9,204.20
24,3,1018,790,803,820,215,-30,217.08
24,4,1450,715,1282,732,168,-17,168.86
24,5,791,498,541,498,250,0,250.00
24,6,998,354,767,336,231,18,231.70
24,7,514,647,237,667,277,-20,277.72
24,8,1517,394,1347,374,170,20,171.17
24,10,658,628,397,644,261,-16,261.49
24,11,685,495,423,496,262,-1,262.00
24,17,1613,502,1457,493,156,9,156.26
24,18,1141,474,930,467,211,7,211.12
24,20,1153,428,942,416,211,12,211.34
24,21,1226,492,1026,486,200,6,200.09
24,9,1622,530,1468,524,154,6,154.12
24,13,1577,603,1420,606,157,-3,157.03
24,37,173,493,-147,500,320,-7,320.08
24,14,1570,442,1407,427,163,15,163.69
24,15,1551,457,1387,444,164,13,164.51
24,16,1262,419,1063,405,199,14,199.49
24,23,1473,315,1295,287,178,28,180.19
25,1,1246,623,1047,632,199,-9,199.20
25,2,1161,617,952,626,209,-9,209.19
25,3,1021,789,801,819,220,-30,222.04
25,4,1456,715,1284,732,172,-17,172.84
25,5,793,497,538,497,255,0,255.00
25,6,1000,353,764,335,236,18,236.69
25,7,517,646,235,666,282,-20,282.71
25,8,1520,395,1345,375,175,20,176.14
25,10,659,624,393,640,266,-16,266.48
25,11,687,494,420,495,267,-1,267.00
25,17,1616,499,1455,490,161,9,161.25
25,18,1144,470,928,463,216,7,216.11
25,20,1155,427,939,415,216,12,216.33
25,21,1227,493,1021,488,206,5,206.06
25,9,1626,531,1467,525,159,6,159.11
25,13,1578,603,1416,606,162,-3,162.03
25,37,175,492,-150,499,325,-7,325.08
25,14,1571,444,1403,429,168,15,168.67
25,15,1552,456,1383,443,169,13,169.50
25,16,1264,418,1060,404,204,14,204.48
25,44,826,296,568,273,258,23,259.02
25,23,1477,316,1294,288,183,28,185.13
26,1,1247,623,1043,632,204,-9,204.20
26,2,1163,616,949,625,214,-9,214.19
26,3,1022,789,798,819,224,-30,226.00
26,4,1460,715,1283,732,177,-17,177.81
26,5,796,497,536,497,260,0,260.00
26,6,1003,351,762,333,241,18,241.67
26,7,520,645,233,665,287,-20,287.70
26,8,1520,394,1340,374,180,20,181.11
26,10,660,623,389,639,271,-16,271.47
26,11,690,494,418,495,272,-1,272.00
26,17,1619,498,1454,489,165,9,165.25
26,18,1143,469,922,462,221,7,221.11
26,20,1155,429,934,418,221,11,221.27
26,21,1228,492,1018,487,210,5,210.06
26,9,1627,531,1464,525,163,6,163.11
26,13,1580,601,1413,604,167,-3,167.03
26,37,178,491,-152,498,330,-7,330.07
26,14,1574,445,1402,430,172,15,172.65
26,15,1550,456,1375,443,175,13,175.48
26,16,1264,416,1055,402,209,14,209.47
26,44,829,294,566,271,263,23,264.00
26,23,1481,314,1294,286,187,28,189.08
27,1,1247,622,1038,631,209,-9,209.19
27,2,1165,614,947,623,218,-9,218.19
27,3,1022,789,793,820,229,-31,231.09
27,4,1465,715,1284,732,181,-17,181.80
27,5,798,495,533,495,265,0,265.00
27,6,1004,349,758,330,246,19,246.73
27,7,521,644,229,665,292,-21,292.75
27,8,1521,394,1336,374,185,20,186.08
27,10,662,622,386,638,276,-16,276.46
27,11,692,492,415,493,277,-1,277.00
27,17,1621,497,1451,487,170,10,170.29
27,18,1143,468,917,461,226,7,226.11
27,20,1156,432,930,421,226,11,226.27
27,21,1229,492,1014,487,215,5,215.06
27,9,1627,531,1459,525,168,6,168.11
27,13,1582,600,1411,602,171,-2,171.01
27,37,180,491,-155,499,335,-8,335.10
27,14,1575,443,1398,428,177,15,177.63
27,15,1552,456,1373,443,179,13,179.47
27,16,1264,416,1050,402,214,14,214.46
27,44,832,294,565,271,267,23,267.99
27,23,1483,314,1291,286,192,28,194.03
28,1,1249,621,1036,630,213,-9,213.19
28,2,1167,612,944,621,223,-9,223.18
28,3,1024,789,790,820,234,-31,236.04
28,4,1469,715,1284,732,185,-17,185.78
28,5,801,495,532,495,269,0,269.00
28,6,1005,349,754,330,251,19,251.72
28,7,520,643,223,664,297,-21,297.74
28,8,1523,393,1334,373,189,20,190.06
28,10,663,622,382,639,281,-17,281.51
28,11,695,493,413,495,282,-2,282.01
28,17,1623,496,1449,486,174,10,174.29
28,18,1144,468,913,461,231,7,231.11
28,21,1231,491,1011,486,220,5,220.06
28,9,1628,531,1455,525,173,6,173.10
28,13,1582,598,1406,600,176,-2,176.01
28,37,182,490,-158,498,340,-8,340.09
28,14,1577,443,1395,428,182,15,182.62
28,15,1554,456,1370,443,184,13,184.46
28,16,1265,416,1047,402,218,14,218.45
28,44,833,293,561,270,272,23,272.97
28,23,1486,313,1290,284,196,29,198.13
28,45,1599,599,1425,601,174,-2,174.01
29,1,1250,620,1032,629,218,-9,218.19
29,2,1167,611,939,620,228,-9,228.18
29,3,1027,790,789,821,238,-31,240.01
29,4,1474,714,1285,731,189,-17,189.76
29,5,803,494,529,495,274,-1,274.00
29,7,520,641,218,662,302,-21,302.73
29,8,1525,391,1331,371,194,20,195.03
29,10,662,621,376,638,286,-17,286.50
29,11,698,492,412,494,286,-2,286.01
29,17,1625,496,1446,486,179,10,179.28
29,18,1146,469,911,462,235,7,235.10
29,21,1232,489,1007,483,225,6,225.08
29,9,1628,531,1451,525,177,6,177.10
29,13,1583,596,1403,598,180,-2,180.01
29,37,183,491,-162,499,345,-8,345.09
29,14,1580,443,1394,428,186,15,186.60
29,15,1554,456,1365,443,189,13,189.45
29,16,1265,416,1042,402,223,14,223.44
29,44,833,293,556,270,277,23,277.95
29,23,1492,314,1291,285,201,29,203.08
29,45,1602,598,1424,600,178,-2,178.01
30,1,1252,619,1030,628,222,-9,222.18
30,2,1168,611,936,620,232,-9,232.17
30,3,1030,790,788,821,242,-31,243.98
30,4,1478,714,1285,731,193,-17,193.75
30,5,806,494,528,495,278,-1,278.00
30,7,520,640,214,661,306,-21,306.72
30,8,1527,390,1328,369,199,21,200.10
30,10,661,620,370,637,291,-17,291.50
30,11,700,491,409,493,291,-2,291.01
30,17,1627,496,1444,486,183,10,183.27
30,18,1149,470,909,463,240,7,240.10
30,21,1232,488,1003,482,229,6,229.08
30,9,1629,529,1447,523,182,6,182.10
30,13,1588,599,1404,601,184,-2,184.01
30,37,184,491,-165,500,349,-9,349.12
30,14,1582,443,1392,428,190,15,190.59
30,15,1554,455,1361,441,193,14,193.51
30,16,1265,417,1037,403,228,14,228.43
30,23,1496,314,1291,285,205,29,207.04
30,45,1606,597,1424,599,182,-2,182.01
31,1,1253,618,1027,627,226,-9,226.18
31,2,1168,611,932,620,236,-9,236.17
31,3,1033,789,788,820,245,-31,246.95
31,4,1481,713,1285,730,196,-17,196.74
31,5,808,493,526,494,282,-1,282.00
31,7,521,638,211,659,310,-21,310.71
31,8,1528,390,1325,369,203,21,204.08
31,10,662,618,367,635,295,-17,295.49
31,11,702,490,407,492,295,-2,295.01
31,17,1629,497,1442,487,187,10,187.27
31,21,1232,487,999,481,233,6,233.08
31,9,1629,528,1443,522,186,6,186.10
31,13,1588,598,1400,600,188,-2,188.01
31,37,185,491,-168,500,353,-9,353.11
31,15,1555,454,1358,440,197,14,197.50
31,16,1265,416,1033,402,232,14,232.42
31,23,1500,313,1291,284,209,29,211.00
31,45,1609,597,1423,599,186,-2,186.01
32,1,1254,617,1024,626,230,-9,230.18
32,2,1169,611,929,620,240,-9,240.17
32,3,1035,789,786,820,249,-31,250.92
32,4,1485,712,1285,728,200,-16,200.64
32,5,811,492,525,493,286,-1,286.00
32,7,523,638,209,659,314,-21,314.70
32,8,1529,389,1323,368,206,21,207.07
32,10,664,616,365,633,299,-17,299.48
32,11,704,489,405,491,299,-2,299.01
32,17,1630,498,1439,488,191,10,191.26
32,21,1231,487,994,481,237,6,237.08
32,9,1630,526,1440,519,190,7,190.13
32,13,1590,597,1398,599,192,-2,192.01
32,37,187,491,-170,500,357,-9,357.11
32,15,1555,453,1354,439,201,14,201.49
32,16,1266,414,1030,400,236,14,236.41
32,23,1502,313,1290,284,212,29,213.97
32,45,1610,596,1420,598,190,-2,190.01
33,1,1255,616,1021,625,234,-9,234.17
33,2,1171,610,927,619,244,-9,244.17
33,3,1037,789,784,821,253,-32,255.02
33,4,1490,712,1287,728,203,-16,203.63
33,5,814,493,524,494,290,-1,290.00
33,7,525,639,207,661,318,-22,318.76
33,8,1530,389,1320,368,210,21,211.05
33,10,665,613,362,630,303,-17,303.48
33,11,706,489,404,491,302,-2,302.01
33,17,1630,499,1435,489,195,10,195.26
33,21,1231,489,990,484,241,5,241.05
33,9,1632,526,1438,519,194,7,194.13
33,13,1591,597,1395,599,196,-2,196.01
33,37,188,491,-174,500,362,-9,362.11
33,15,1555,452,1350,438,205,14,205.48
33,16,1267,413,1027,399,240,14,240.41
33,23,1505,313,1289,284,216,29,217.94
33,45,1612,595,1419,596,193,-1,193.00
33,46,1010,347,738,329,272,18,272.59
34,1,1255,616,1017,625,238,-9,238.17
34,2,1172,609,924,618,248,-9,248.16
34,3,1039,789,783,821,256,-32,257.99
34,4,1493,712,1287,729,206,-17,206.70
34,5,816,492,523,493,293,-1,293.00
34,7,526,640,204,662,322,-22,322.75
34,8,1531,391,1317,370,214,21,215.03
34,10,666,611,360,628,306,-17,306.47
34,11,708,489,402,491,306,-2,306.01
34,17,1631,496,1433,486,198,10,198.25
34,21,1229,489,983,484,246,5,246.05
34,9,1634,526,1437,519,197,7,197.12
34,13,1592,597,1393,599,199,-2,199.01
34,37,190,491,-175,501,365,-10,365.14
34,15,1556,452,1347,438,209,14,209.47
34,16,1267,412,1023,397,244,15,244.46
34,23,1508,313,1288,284,220,29,221.90
34,45,1615,594,1418,595,197,-1,197.00
34,46,1011,346,735,328,276,18,276.59
34,47,1155,425,898,414,257,11,257.24
34,44,841,291,543,269,298,22,298.81
35,1,1254,616,1013,625,241,-9,241.17
35,2,1173,607,922,616,251,-9,251.16
35,3,1040,788,780,820,260,-32,261.96
35,4,1496,712,1286,729,210,-17,210.69
35,5,818,489,521,490,297,-1,297.00
35,7,525,640,199,662,326,-22,326.74
35,8,1529,391,1311,370,218,21,219.01
35,10,667,610,357,627,310,-17,310.47
35,11,710,489,400,491,310,-2,310.01
35,17,1633,496,1431,486,202,10,202.25
35,21,1229,488,980,483,249,5,249.05
35,9,1633,525,1432,518,201,7,201.12
35,13,1593,596,1390,598,203,-2,203.01
35,37,192,491,-177,501,369,-10,369.14
35,15,1556,452,1343,438,213,14,213.46
35,16,1266,411,1018,396,248,15,248.45
35,23,1510,315,1287,286,223,29,224.88
35,45,1617,593,1417,594,200,-1,200.00
35,46,1012,346,732,328,280,18,280.58
35,47,1156,425,896,414,260,11,260.23
35,44,841,290,539,268,302,22,302.80
36,1,1253,615,1008,624,245,-9,245.17
36,2,1173,605,918,614,255,-9,255.16
36,3,1040,789,777,821,263,-32,264.94
36,4,1500,711,1288,727,212,-16,212.60
36,5,820,488,519,489,301,-1,301.00
36,7,526,641,197,664,329,-23,329.80
36,8,1529,391,1307,370,222,21,222.99
36,10,667,609,353,626,314,-17,314.46
36,11,711,489,398,491,313,-2,313.01
36,17,1634,497,1429,487,205,10,205.24
36,21,1229,487,976,482,253,5,253.05
36,9,1632,523,1428,516,204,7,204.12
36,13,1595,594,1389,596,206,-2,206.01
36,37,195,491,-178,501,373,-10,373.13
36,15,1556,453,1340,439,216,14,216.45
36,16,1265,411,1013,396,252,15,252.45
36,23,1511,314,1284,285,227,29,228.84
36,45,1620,592,1417,593,203,-1,203.00
36,46,1011,346,727,328,284,18,284.57
36,47,1155,425,891,414,264,11,264.23
36,44,842,288,536,266,306,22,306.79
37,1,1253,614,1005,623,248,-9,248.16
37,2,1173,604,915,613,258,-9,258.16
37,3,1041,788,775,820,266,-32,267.92
37,4,1503,710,1288,726,215,-16,215.59
37,5,822,487,518,488,304,-1,304.00
37,7,527,641,195,664,332,-23,332.80
37,8,1530,390,1305,369,225,21,225.98
37,10,668,609,351,626,317,-17,317.46
37,11,712,489,396,492,316,-3,316.01
37,17,1635,497,1427,487,208,10,208.24
37,21,1228,485,972,480,256,5,256.05
37,9,1630,521,1422,514,208,7,208.12
37,13,1595,593,1386,595,209,-2,209.01
37,37,197,491,-179,501,376,-10,376.13
37,15,1556,452,1337,438,219,14,219.45
37,16,1265,412,1010,398,255,14,255.38
37,23,1514,315,1284,286,230,29,231.82
37,45,1621,592,1415,593,206,-1,206.00
37,47,1154,424,887,413,267,11,267.23
37,44,843,287,534,265,309,22,309.78
37,49,1152,465,886,458,266,7,266.09
38,1,1254,613,1003,622,251,-9,251.16
38,2,1173,602,912,611,261,-9,261.16
38,3,1042,788,773,820,269,-32,270.90
38,4,1506,710,1288,726,218,-16,218.59
38,5,824,486,517,487,307,-1,307.00
38,7,528,641,193,664,335,-23,335.79
38,8,1530,389,1302,368,228,21,228.97
38,10,668,609,348,626,320,-17,320.45
38,11,714,488,395,491,319,-3,319.01
38,17,1636,496,1425,486,211,10,211.24
38,21,1227,483,967,478,260,5,260.05
38,9,1630,519,1419,512,211,7,211.12
38,13,1596,592,1384,594,212,-2,212.01
38,37,197,490,-182,501,379,-11,379.16
38,15,1554,452,1332,438,222,14,222.44
38,16,1263,411,1005,397,258,14,258.38
38,23,1516,315,1284,286,232,29,233.81
38,45,1623,592,1414,593,209,-1,209.00
38,44,843,288,530,266,313,22,313.77
38,49,1152,465,883,459,269,6,269.07
38,50,1588,447,1369,432,219,15,219.51
39,1,1254,611,1000,620,254,-9,254.16
39,2,1173,602,909,611,264,-9,264.15
39,3,1043,788,771,820,272,-32,273.88
39,4,1509,710,1289,726,220,-16,220.58
39,5,826,485,516,486,310,-1,310.00
39,7,528,641,190,664,338,-23,338.78
39,8,1530,388,1299,367,231,21,231.95
39,10,669,608,346,625,323,-17,323.45
39,11,716,488,394,491,322,-3,322.01
39,17,1637,496,1423,486,214,10,214.23
39,21,1226,482,963,476,263,6,263.07
39,9,1630,518,1416,511,214,7,214.11
39,13,1597,591,1382,592,215,-1,215.00
39,37,197,488,-185,499,382,-11,382.16
39,15,1554,451,1328,437,226,14,226.43
39,16,1262,411,1000,397,262,14,262.37
39,23,1518,314,1282,285,236,29,237.78
39,45,1625,591,1413,592,212,-1,212.00
39,44,843,287,527,265,316,22,316.76
39,49,1153,466,881,460,272,6,272.07
39,50,1588,447,1366,432,222,15,222.51
40,1,1254,611,997,620,257,-9,257.16
40,2,1171,602,904,611,267,-9,267.15
40,3,1044,788,770,821,274,-33,275.98
40,4,1511,710,1288,726,223,-16,223.57
40,5,827,484,515,485,312,-1,312.00
40,7,527,640,186,663,341,-23,341.77
40,8,1529,388,1295,367,234,21,234.94
40,10,669,608,343,625,326,-17,326.44
40,11,717,488,392,491,325,-3,325.01
40,17,1638,496,1421,486,217,10,217.23
40,21,1224,482,958,476,266,6,266.07
40,9,1630,517,1413,509,217,8,217.15
40,13,1596,591,1378,592,218,-1,218.00
40,37,197,487,-188,498,385,-11,385.16
40,15,1553,450,1324,436,229,14,229.43
40,16,1261,411,996,397,265,14,265.37
40,23,1519,314,1281,285,238,29,239.76
40,45,1626,591,1412,592,214,-1,214.00
40,44,843,288,524,266,319,22,319.76
40,50,1588,448,1363,433,225,15,225.50
40,46,1010,343,713,325,297,18,297.54
41,1,1253,609,994,618,259,-9,259.16
41,2,1170,601,901,610,269,-9,269.15
41,3,1044,787,768,820,276,-33,277.97
41,4,1513,710,1289,726,224,-16,224.57
41,5,829,483,514,484,315,-1,315.00
41,7,526,640,182,663,344,-23,344.77
41,8,1528,387,1292,366,236,21,236.93
41,10,669,607,341,624,328,-17,328.44
41,11,718,487,391,490,327,-3,327.01
41,17,1637,496,1418,486,219,10,219.23
41,21,1223,482,955,477,268,5,268.05
41,9,1627,516,1408,508,219,8,219.15
41,13,1594,590,1374,591,220,-1,220.00
41,37,197,488,-191,499,388,-11,388.16
41,15,1552,449,1321,435,231,14,231.42
41,16,1260,409,993,395,267,14,267.37
41,23,1520,314,1280,285,240,29,241.75
41,45,1626,592,1410,593,216,-1,216.00
41,44,843,291,522,269,321,22,321.75
41,50,1588,449,1361,434,227,15,227.50
41,46,1010,343,711,325,299,18,299.54
41,47,1147,422,867,411,280,11,280.22
42,1,1252,608,990,617,262,-9,262.15
42,2,1169,599,897,608,272,-9,272.15
42,3,1044,787,766,820,278,-33,279.95
42,4,1514,709,1288,725,226,-16,226.57
42,5,830,482,513,483,317,-1,317.00
42,7,525,639,179,663,346,-24,346.83
42,8,1526,388,1287,367,239,21,239.92
42,10,669,604,339,621,330,-17,330.44
42,11,719,485,389,488,330,-3,330.01
42,17,1637,498,1416,488,221,10,221.23
42,21,1221,482,950,477,271,5,271.05
42,9,1624,516,1402,508,222,8,222.14
42,13,1593,590,1371,591,222,-1,222.00
42,37,198,486,-192,497,390,-11,390.16
42,15,1551,448,1318,434,233,14,233.42
42,16,1259,408,990,394,269,14,269.36
42,23,1522,314,1280,285,242,29,243.73
42,45,1627,591,1409,592,218,-1,218.00
42,50,1588,450,1359,435,229,15,229.49
42,47,1145,422,863,411,282,11,282.21
43,1,1252,608,988,617,264,-9,264.15
43,2,1168,598,894,607,274,-9,274.15
43,3,1044,787,763,820,281,-33,282.93
43,4,1515,709,1287,725,228,-16,228.56
43,5,831,480,512,481,319,-1,319.00
43,7,524,638,176,662,348,-24,348.83
43,8,1526,388,1285,367,241,21,241.91
43,10,669,602,336,619,333,-17,333.43
43,11,719,485,387,488,332,-3,332.01
43,17,1636,497,1413,487,223,10,223.22
43,21,1220,482,947,477,273,5,273.05
43,9,1621,516,1397,508,224,8,224.14
43,13,1592,591,1368,593,224,-2,224.01
43,37,198,487,-194,498,392,-11,392.15
43,15,1549,448,1313,434,236,14,236.41
43,16,1258,408,986,394,272,14,272.36
43,23,1523,313,1278,283,245,30,246.83
43,45,1629,590,1409,591,220,-1,220.00
43,50,1588,451,1357,436,231,15,231.49
43,47,1143,421,858,410,285,11,285.21
43,49,1148,462,866,456,282,6,282.06
44,1,1249,608,983,617,266,-9,266.15
44,2,1167,596,891,605,276,-9,276.15
44,3,1044,787,762,820,282,-33,283.92
44,4,1516,708,1286,724,230,-16,230.56
44,5,832,480,511,481,321,-1,321.00
44,7,523,638,173,662,350,-24,350.82
44,8,1526,388,1283,367,243,21,243.91
44,10,669,600,334,617,335,-17,335.43
44,11,720,485,386,488,334,-3,334.01
44,17,1636,496,1411,486,225,10,225.22
44,21,1219,482,944,477,275,5,275.05
44,9,1618,518,1392,511,226,7,226.11
44,13,1590,590,1363,591,227,-1,227.00
44,37,198,486,-197,497,395,-11,395.15
44,15,1548,449,1310,435,238,14,238.41
44,16,1256,408,982,394,274,14,274.36
44,23,1524,313,1277,283,247,30,248.82
44,45,1630,590,1408,591,222,-1,222.00
44,50,1587,452,1354,437,233,15,233.48
44,47,1140,421,853,410,287,11,287.21
44,49,1147,461,862,454,285,7,285.09
44,46,1005,343,698,325,307,18,307.53
45,1,1247,608,979,617,268,-9,268.15
45,2,1167,595,889,604,278,-9,278.15
45,3,1045,786,761,819,284,-33,285.91
45,4,1517,706,1285,722,232,-16,232.55
45,5,833,478,510,478,323,0,323.00
45,7,523,638,170,662,353,-24,353.81
45,8,1524,387,1279,366,245,21,245.90
45,10,670,598,333,615,337,-17,337.43
45,11,719,484,383,487,336,-3,336.01
45,17,1635,494,1408,484,227,10,227.22
45,21,1217,480,940,475,277,5,277.05
45,9,1616,518,1387,511,229,7,229.11
45,13,1590,589,1361,590,229,-1,229.00
45,37,198,488,-199,500,397,-12,397.18
45,15,1548,449,1308,435,240,14,240.41
45,16,1255,407,979,393,276,14,276.35
45,23,1525,313,1277,283,248,30,249.81
45,45,1630,589,1406,590,224,-1,224.00
45,47,1139,421,850,410,289,11,289.21
45,49,1147,460,860,453,287,7,287.09
45,53,1909,853,1730,880,179,-27,181.02
45,46,1002,343,693,325,309,18,309.52
46,1,1246,607,976,616,270,-9,270.15
46,2,1165,594,885,603,280,-9,280.14
46,3,1045,786,759,819,286,-33,287.90
46,4,1518,705,1284,721,234,-16,234.55
46,5,835,478,510,479,325,-1,325.00
46,7,522,638,168,662,354,-24,354.81
46,8,1522,387,1275,366,247,21,247.89
46,10,669,597,330,614,339,-17,339.43
46,11,720,484,382,487,338,-3,338.01
46,17,1635,493,1406,483,229,10,229.22
46,21,1215,478,935,472,280,6,280.06
46,9,1615,517,1385,510,230,7,230.11
46,13,1590,587,1360,588,230,-1,230.00
46,37,199,489,-199,501,398,-12,398.18
46,15,1547,449,1305,435,242,14,242.40
46,23,1526,313,1276,283,250,30,251.79
46,45,1630,588,1404,589,226,-1,226.00
46,47,1136,421,845,410,291,11,291.21
46,49,1146,460,857,454,289,6,289.06
46,53,1906,854,1725,881,181,-27,183.00
46,46,1000,343,689,325,311,18,311.52
47,1,1245,606,973,615,272,-9,272.15
47,2,1164,593,882,602,282,-9,282.14
47,3,1046,785,759,818,287,-33,288.89
47,4,1518,704,1283,720,235,-16,235.54
47,5,836,478,510,479,326,-1,326.00
47,7,520,638,164,662,356,-24,356.81
47,8,1521,385,1272,364,249,21,249.88
47,10,670,597,330,614,340,-17,340.42
47,11,720,483,380,486,340,-3,340.01
47,17,1634,492,1403,481,231,11,231.26
47,21,1212,475,930,469,282,6,282.06
47,9,1613,516,1381,509,232,7,232.11
47,13,1589,586,1357,587,232,-1,232.00
47,37,201,489,-199,501,400,-12,400.18
47,15,1545,449,1302,435,243,14,243.40
47,23,1526,312,1274,282,252,30,253.78
47,45,1631,587,1404,588,227,-1,227.00
47,47,1135,421,842,410,293,11,293.21
47,49,1145,459,855,452,290,7,290.08
47,53,1904,855,1722,882,182,-27,183.99
47,46,998,343,685,325,313,18,313.52
48,1,1244,604,970,613,274,-9,274.15
48,2,1163,593,879,602,284,-9,284.14
48,3,1046,784,757,817,289,-33,290.88
48,4,1519,704,1282,720,237,-16,237.54
48,5,836,477,508,478,328,-1,328.00
48,7,520,638,162,662,358,-24,358.80
48,8,1520,384,1269,363,251,21,251.88
48,10,670,597,328,614,342,-17,342.42
48,11,720,483,379,486,341,-3,341.01
48,17,1633,492,1400,481,233,11,233.26
48,21,1209,475,925,469,284,6,284.06
48,9,1612,513,1378,505,234,8,234.14
48,13,1588,585,1354,586,234,-1,234.00
48,37,201,489,-201,501,402,-12,402.18
48,15,1544,448,1299,434,245,14,245.40
48,23,1526,312,1272,282,254,30,255.77
48,45,1632,587,1404,588,228,-1,228.00
48,47,1134,422,839,411,295,11,295.21
48,49,1143,460,851,454,292,6,292.06
48,53,1904,856,1720,883,184,-27,185.97
48,46,997,342,682,324,315,18,315.51
48,50,1581,451,1340,437,241,14,241.41
49,1,1244,602,969,611,275,-9,275.15
49,2,1162,592,876,601,286,-9,286.14
49,3,1046,784,755,817,291,-33,292.87
49,4,1519,704,1281,720,238,-16,238.54
49,5,837,476,508,476,329,0,329.00
49,7,520,638,160,662,360,-24,360.80
49,8,1519,384,1266,363,253,21,253.87
49,10,670,595,326,612,344,-17,344.42
49,11,720,483,377,486,343,-3,343.01
49,17,1633,492,1399,481,234,11,234.26
49,21,1207,474,921,468,286,6,286.06
49,9,1609,512,1373,504,236,8,236.14
49,13,1587,584,1351,585,236,-1,236.00
49,37,203,488,-200,500,403,-12,403.18
49,15,1544,448,1297,434,247,14,247.40
49,23,1526,312,1271,282,255,30,256.76
49,45,1632,587,1402,588,230,-1,230.00
49,47,1131,420,834,409,297,11,297.20
49,49,1142,461,848,455,294,6,294.06
49,53,1903,856,1717,883,186,-27,187.95
49,46,995,341,678,323,317,18,317.51
49,50,1580,452,1338,438,242,14,242.40
50,1,1243,600,966,608,277,-8,277.12
50,2,1160,591,873,600,287,-9,287.14
50,3,1047,783,755,816,292,-33,293.86
50,4,1518,704,1278,720,240,-16,240.53
50,5,838,474,507,474,331,0,331.00
50,7,521,638,160,663,361,-25,361.86
50,8,1518,384,1264,363,254,21,254.87
50,10,670,594,324,611,346,-17,346.42
50,11,719,484,374,487,345,-3,345.01
50,17,1630,491,1394,480,236,11,236.26
50,21,1206,474,919,468,287,6,287.06
50,9,1606,510,1368,502,238,8,238.13
50,13,1585,584,1348,585,237,-1,237.00
50,37,204,488,-201,500,405,-12,405.18
50,15,1542,447,1293,433,249,14,249.39
50,23,1526,312,1269,282,257,30,258.75
50,45,1632,586,1400,586,232,0,232.00
50,47,1129,419,830,408,299,11,299.20
50,49,1140,461,844,455,296,6,296.06
50,53,1900,856,1713,884,187,-28,189.08
50,46,994,341,675,323,319,18,319.51
50,50,1579,452,1335,438,244,14,244.40
50,16,1244,404,958,390,286,14,286.34
51,1,1242,598,963,606,279,-8,279.11
51,2,1159,589,870,598,289,-9,289.14
51,3,1047,783,754,816,293,-33,294.85
51,4,1517,703,1276,719,241,-16,241.53
51,5,839,473,506,473,333,0,333.00
51,7,522,638,159,663,363,-25,363.86
51,8,1515,384,1259,363,256,21,256.86
51,10,670,592,323,609,347,-17,347.42
51,11,719,483,373,486,346,-3,346.01
51,17,1628,491,1390,480,238,11,238.25
51,21,1204,474,915,468,289,6,289.06
51,9,1604,509,1364,501,240,8,240.13
51,13,1583,584,1344,585,239,-1,239.00
51,37,205,487,-201,499,406,-12,406.18
51,15,1541,445,1291,430,250,15,250.45
51,23,1526,312,1268,282,258,30,259.74
51,45,1632,586,1399,586,233,0,233.00
51,47,1128,418,827,407,301,11,301.20
51,49,1138,459,840,453,298,6,298.06
51,53,1894,857,1705,885,189,-28,191.06
51,46,992,340,672,322,320,18,320.51
51,50,1578,453,1332,439,246,14,246.40
51,16,1242,402,954,387,288,15,288.39
52,1,1241,596,961,604,280,-8,280.11
52,2,1157,588,866,596,291,-8,291.11
52,3,1046,782,751,815,295,-33,296.84
52,4,1515,703,1272,719,243,-16,243.53
52,5,840,472,506,472,334,0,334.00
52,7,521,638,157,663,364,-25,364.86
52,8,1513,384,1255,363,258,21,258.85
52,10,671,591,323,608,348,-17,348.41
52,11,722,483,375,486,347,-3,347.01
52,17,1628,490,1389,479,239,11,239.25
52,9,1601,508,1360,500,241,8,241.13
52,13,1579,584,1338,585,241,-1,241.00
52,37,205,488,-203,500,408,-12,408.18
52,15,1540,445,1288,431,252,14,252.39
52,23,1526,312,1266,282,260,30,261.73
52,45,1632,586,1398,586,234,0,234.00
52,47,1125,417,823,406,302,11,302.20
52,49,1137,457,838,450,299,7,299.08
52,53,1890,856,1699,884,191,-28,193.04
52,46,989,340,667,322,322,18,322.50
52,50,1576,453,1329,439,247,14,247.40
52,16,1238,401,948,386,290,15,290.39
52,18,1199,475,908,470,291,5,291.04
53,1,1238,595,956,603,282,-8,282.11
53,2,1157,587,865,595,292,-8,292.11
53,3,1045,782,749,815,296,-33,297.83
53,4,1513,703,1269,719,244,-16,244.52
53,5,841,471,506,471,335,0,335.00
53,7,520,638,155,663,365,-25,365.86
53,8,1511,384,1252,363,259,21,259.85
53,10,672,589,323,606,349,-17,349.41
53,11,723,482,375,485,348,-3,348.01
53,17,1626,490,1386,479,240,11,240.25
53,9,1597,508,1354,500,243,8,243.13
53,13,1576,583,1334,584,242,-1,242.00
53,37,206,488,-203,500,409,-12,409.18
53,15,1539,445,1286,431,253,14,253.39
53,23,1525,312,1264,282,261,30,262.72
53,45,1632,585,1397,585,235,0,235.00
53,47,1122,418,818,407,304,11,304.20
53,49,1135,456,835,449,300,7,300.08
53,53,1888,855,1696,883,192,-28,194.03
53,46,986,341,662,323,324,18,324.50
53,50,1575,454,1327,440,248,14,248.39
53,16,1236,402,945,387,291,15,291.39
53,18,1199,474,907,468,292,6,292.06
54,1,1235,593,952,601,283,-8,283.11
54,2,1155,585,862,593,293,-8,293.11
54,3,1042,782,745,815,297,-33,298.83
54,4,1512,703,1267,719,245,-16,245.52
54,5,841,471,505,471,336,0,336.00
54,7,518,638,152,663,366,-25,366.85
54,8,1508,383,1248,362,260,21,260.85
54,10,673,587,323,603,350,-16,350.37
54,11,723,482,374,485,349,-3,349.01
54,17,1625,488,1384,477,241,11,241.25
54,9,1593,508,1349,500,244,8,244.13
54,13,1572,582,1329,583,243,-1,243.00
54,37,207,489,-202,502,409,-13,409.21
54,15,1538,445,1284,431,254,14,254.39
54,23,1525,311,1263,281,262,30,263.71
54,45,1631,585,1395,585,236,0,236.00
54,47,1120,418,815,407,305,11,305.20
54,49,1134,457,833,451,301,6,301.06
54,53,1884,855,1691,883,193,-28,195.02
54,46,984,341,659,324,325,17,325.44
54,50,1572,454,1323,440,249,14,249.39
54,16,1233,402,941,388,292,14,292.34
54,21,1199,474,906,468,293,6,293.06
55,1,1232,594,948,602,284,-8,284.11
55,2,1153,584,859,592,294,-8,294.11
55,3,1041,782,744,815,297,-33,298.83
55,4,1512,703,1267,719,245,-16,245.52
55,5,842,469,506,469,336,0,336.00
55,7,515,638,148,663,367,-25,367.85
55,8,1505,383,1244,362,261,21,261.84
55,10,673,585,322,601,351,-16,351.36
55,11,723,482,373,485,350,-3,350.01
55,17,1623,487,1381,476,242,11,242.25
55,9,1590,508,1345,500,245,8,245.13
55,13,1570,581,1326,582,244,-1,244.00
55,37,206,489,-204,502,410,-13,410.21
55,15,1537,445,1283,431,254,14,254.39
55,23,1524,310,1262,280,262,30,263.71
55,45,1630,584,1393,584,237,0,237.00
55,47,1117,418,811,407,306,11,306.20
55,49,1131,456,829,450,302,6,302.06
55,53,1880,855,1686,883,194,-28,196.01
55,46,981,341,655,324,326,17,326.44
55,50,1570,454,1320,440,250,14,250.39
55,16,1229,402,936,388,293,14,293.33
55,57,830,291,484,270,346,21,346.64
55,21,1196,469,902,463,294,6,294.06
56,1,1229,594,945,602,284,-8,284.11
56,2,1150,583,856,591,294,-8,294.11
56,3,1040,783,743,816,297,-33,298.83
56,4,1511,703,1266,719,245,-16,245.52
56,5,842,468,506,468,336,0,336.00
56,7,513,638,146,663,367,-25,367.85
56,8,1503,382,1242,361,261,21,261.84
56,10,673,584,323,600,350,-16,350.37
56,11,722,481,373,484,349,-3,349.01
56,17,1620,486,1378,475,242,11,242.25
56,9,1586,507,1341,499,245,8,245.13
56,13,1568,580,1324,581,244,-1,244.00
56,37,206,489,-203,502,409,-13,409.21
56,23,1523,310,1261,280,262,30,263.71
56,45,1629,583,1393,583,236,0,236.00
56,47,1114,419,808,408,306,11,306.20
56,49,1128,455,826,448,302,7,302.08
56,53,1875,854,1681,882,194,-28,196.01
56,46,977,340,651,323,326,17,326.44
56,50,1567,454,1317,440,250,14,250.39
56,16,1228,402,935,388,293,14,293.33
56,57,828,291,482,270,346,21,346.64
56,21,1192,468,898,462,294,6,294.06
57,1,1226,593,942,601,284,-8,284.11
57,2,1147,583,853,591,294,-8,294.11
57,3,1039,783,741,816,298,-33,299.82
57,4,1510,702,1265,718,245,-16,245.52
57,5,842,468,506,468,336,0,336.00
57,7,511,638,144,663,367,-25,367.85
57,8,1501,382,1239,361,262,21,262.84
57,10,673,584,322,600,351,-16,351.36
57,11,720,481,370,484,350,-3,350.01
57,17,1619,486,1376,475,243,11,243.25
57,9,1582,507,1336,499,246,8,246.13
57,13,1565,578,1320,579,245,-1,245.00
57,37,205,491,-205,504,410,-13,410.21
57,23,1523,310,1260,280,263,30,264.71
57,45,1627,582,1390,582,237,0,237.00
57,47,1111,418,805,407,306,11,306.20
57,49,1126,455,823,449,303,6,303.06
57,53,1867,854,1672,882,195,-28,197.00
57,46,974,338,647,320,327,18,327.50
57,50,1565,453,1314,439,251,14,251.39
57,16,1225,401,931,387,294,14,294.33
57,57,826,292,480,271,346,21,346.64
57,21,1188,466,893,460,295,6,295.06
58,1,1225,592,940,600,285,-8,285.11
58,2,1145,582,850,590,295,-8,295.11
58,3,1038,783,740,816,298,-33,299.82
58,4,1509,700,1263,716,246,-16,246.52
58,5,841,467,504,467,337,0,337.00
58,7,509,638,141,663,368,-25,368.85
58,8,1498,381,1235,360,263,21,263.84
58,10,674,584,323,600,351,-16,351.36
58,11,719,480,368,483,351,-3,351.01
58,17,1617,486,1374,475,243,11,243.25
58,9,1579,504,1332,496,247,8,247.13
58,13,1562,577,1316,578,246,-1,246.00
58,37,205,491,-206,504,411,-13,411.21
58,23,1522,310,1259,280,263,30,264.71
58,45,1626,581,1388,581,238,0,238.00
58,47,1109,417,802,406,307,11,307.20
58,49,1124,456,820,450,304,6,304.06
58,53,1862,855,1665,883,197,-28,198.98
58,46,971,338,643,320,328,18,328.49
58,50,1561,454,1309,440,252,14,252.39
58,16,1221,398,926,383,295,15,295.38
58,57,825,293,478,273,347,20,347.58
58,21,1186,467,890,461,296,6,296.06
58,15,1531,442,1275,427,256,15,256.44
59,1,1222,591,936,599,286,-8,286.11
59,2,1143,582,847,590,296,-8,296.11
59,3,1038,783,739,816,299,-33,300.82
59,4,1508,699,1261,715,247,-16,247.52
59,5,841,466,503,466,338,0,338.00
59,7,509,638,140,663,369,-25,369.85
59,8,1496,380,1232,359,264,21,264.83
59,10,675,584,323,600,352,-16,352.36
59,11,719,480,368,483,351,-3,351.01
59,17,1615,486,1371,475,244,11,244.25
59,9,1576,502,1328,494,248,8,248.13
59,13,1559,576,1312,577,247,-1,247.00
59,37,206,493,-205,506,411,-13,411.21
59,23,1522,311,1258,281,264,30,265.70
59,45,1626,581,1388,581,238,0,238.00
59,47,1107,415,799,404,308,11,308.20
59,49,1122,457,817,451,305,6,305.06
59,53,1860,855,1663,883,197,-28,198.98
59,46,969,339,641,322,328,17,328.44
59,50,1559,455,1306,441,253,14,253.39
59,16,1218,397,922,382,296,15,296.38
59,57,824,293,476,273,348,20,348.57
59,21,1183,467,886,461,297,6,297.06
59,15,1530,441,1273,426,257,15,257.44
